product_id,category,list_price_cents
p_0000,coffee,1569
p_0001,tea,1227
p_0002,mugs,2848
p_0003,grinders,10251
p_0004,kettles,5800
p_0005,coffee,1798
p_0006,tea,740
p_0007,mugs,2023
p_0008,grinders,12633
p_0009,kettles,7654
p_0010,coffee,960
p_0011,tea,894
p_0012,mugs,1181
p_0013,grinders,15239
p_0014,kettles,7007
p_0015,coffee,871
p_0016,tea,1776
p_0017,mugs,2929
p_0018,grinders,12981
p_0019,kettles,6501
p_0020,coffee,1067
p_0021,tea,519
p_0022,mugs,2056
p_0023,grinders,4363
p_0024,kettles,3736
p_0025,coffee,1211
p_0026,tea,539
p_0027,mugs,1927
p_0028,grinders,9887
p_0029,kettles,7975
p_0030,coffee,1682
p_0031,tea,1332
p_0032,mugs,1999
p_0033,grinders,13105
p_0034,kettles,5472
p_0035,coffee,1272
p_0036,tea,1796
p_0037,mugs,2991
p_0038,grinders,15683
p_0039,kettles,7100
p_0040,coffee,1335
p_0041,tea,798
p_0042,mugs,1578
p_0043,grinders,4518
p_0044,kettles,7480
p_0045,coffee,1480
p_0046,tea,1600
p_0047,mugs,1773
p_0048,grinders,17391
p_0049,kettles,8007
p_0050,coffee,800
p_0051,tea,772
p_0052,mugs,2820
p_0053,grinders,10314
p_0054,kettles,8872
p_0055,coffee,1475
p_0056,tea,594
p_0057,mugs,2258
p_0058,grinders,14788
p_0059,kettles,4253
p_0060,coffee,948
p_0061,tea,932
p_0062,mugs,2928
p_0063,grinders,14491
p_0064,kettles,3266
p_0065,coffee,1218
p_0066,tea,631
p_0067,mugs,1119
p_0068,grinders,15056
p_0069,kettles,3654
p_0070,coffee,1750
p_0071,tea,1081
p_0072,mugs,1381
p_0073,grinders,14112
p_0074,kettles,3351
p_0075,coffee,1894
p_0076,tea,651
p_0077,mugs,1841
p_0078,grinders,6586
p_0079,kettles,4253
p_0080,coffee,2450
p_0081,tea,1544
p_0082,mugs,1608
p_0083,grinders,16330
p_0084,kettles,3869
p_0085,coffee,1470
p_0086,tea,1610
p_0087,mugs,2283
p_0088,grinders,4954
p_0089,kettles,8930
p_0090,coffee,1162
p_0091,tea,835
p_0092,mugs,2545
p_0093,grinders,8269
p_0094,kettles,4426
p_0095,coffee,924
p_0096,tea,617
p_0097,mugs,2165
p_0098,grinders,7023
p_0099,kettles,6408
p_0100,coffee,1431
p_0101,tea,1089
p_0102,mugs,2918
p_0103,grinders,10514
p_0104,kettles,6234
p_0105,coffee,2273
p_0106,tea,737
p_0107,mugs,1308
p_0108,grinders,16672
p_0109,kettles,7815
p_0110,coffee,1224
p_0111,tea,746
p_0112,mugs,2478
p_0113,grinders,17135
p_0114,kettles,3777
p_0115,coffee,2415
p_0116,tea,1646
p_0117,mugs,2207
p_0118,grinders,9611
p_0119,kettles,3174
